{
    "now": "2023-04-14T13:15:39.416Z",
    "perfNow": 4832934.899999991,
    "diagnosticCorrelation": "5830e167-539e-4bab-9764-6376362e3832",
    "source": "DownloadSupportFiles",
    "environment": {
        "productName": "a365",
        "buildVersion": "23.0409.01",
        "environmentType": 9,
        "resourceName": "synapse-nyc-taxi",
        "resourceRegion": "uksouth",
        "resourceGroup": "synapse-taxi",
        "subscriptionId": "b8698388-41d9-4ee0-9058-89b2ddf01b1f",
        "sessionId": "ZZqiF",
        "operationId": "vot9P",
        "gitType": "live",
        "loggingKey": false
    },
    "additionalInfo": {
        "selectedResource": "pl_create_silver_trip_data_green",
        "selectedResourceType": "pipeline"
    }
}