{
    "name": "ds_nyc_taxi_ds_dynamic",
    "properties": {
        "linkedServiceName": {
            "referenceName": "ls_nyc_taxi",
            "type": "LinkedServiceReference"
        },
        "parameters": {
            "p_folder_path": {
                "type": "string"
            }
        },
        "annotations": [],
        "type": "Parquet",
        "typeProperties": {
            "location": {
                "type": "AzureBlobFSLocation",
                "folderPath": {
                    "value": "@dataset().p_folder_path",
                    "type": "Expression"
                },
                "fileSystem": "nyc-taxi-raw"
            },
            "compressionCodec": "snappy"
        },
        "schema": []
    },
    "type": "Microsoft.Synapse/workspaces/datasets"
}