{
    "now": "2023-04-14T13:15:38.068Z",
    "perfNow": 4831586.399999991,
    "diagnosticCorrelation": "ab05a609-bee8-4827-ac35-f810de05454a",
    "source": "DownloadSupportFiles",
    "environment": {
        "productName": "a365",
        "buildVersion": "23.0409.01",
        "environmentType": 9,
        "resourceName": "synapse-nyc-taxi",
        "resourceRegion": "uksouth",
        "resourceGroup": "synapse-taxi",
        "subscriptionId": "b8698388-41d9-4ee0-9058-89b2ddf01b1f",
        "sessionId": "ZZqiF",
        "operationId": "vot9P",
        "gitType": "live",
        "loggingKey": false
    },
    "additionalInfo": {
        "selectedResource": "pl_create_silver_tables",
        "selectedResourceType": "pipeline"
    }
}