{
    "now": "2023-04-14T13:15:40.705Z",
    "perfNow": 4834223.299999997,
    "diagnosticCorrelation": "430782d7-33a5-4821-9111-0ca6b79ae103",
    "source": "DownloadSupportFiles",
    "environment": {
        "productName": "a365",
        "buildVersion": "23.0409.01",
        "environmentType": 9,
        "resourceName": "synapse-nyc-taxi",
        "resourceRegion": "uksouth",
        "resourceGroup": "synapse-taxi",
        "subscriptionId": "b8698388-41d9-4ee0-9058-89b2ddf01b1f",
        "sessionId": "ZZqiF",
        "operationId": "vot9P",
        "gitType": "live",
        "loggingKey": false
    },
    "additionalInfo": {
        "selectedResource": "pl_execute_all_pipelines",
        "selectedResourceType": "pipeline"
    }
}