{
    "now": "2023-04-14T13:15:36.679Z",
    "perfNow": 4830197.700000003,
    "diagnosticCorrelation": "5a5d8751-ce89-4f1c-a71d-a33995ddc9c3",
    "source": "DownloadSupportFiles",
    "environment": {
        "productName": "a365",
        "buildVersion": "23.0409.01",
        "environmentType": 9,
        "resourceName": "synapse-nyc-taxi",
        "resourceRegion": "uksouth",
        "resourceGroup": "synapse-taxi",
        "subscriptionId": "b8698388-41d9-4ee0-9058-89b2ddf01b1f",
        "sessionId": "ZZqiF",
        "operationId": "vot9P",
        "gitType": "live",
        "loggingKey": false
    },
    "additionalInfo": {
        "selectedResource": "pl_create_gold_trip_data_green_agg",
        "selectedResourceType": "pipeline"
    }
}