{
    "name": "tr_nyc_taxi_data_load",
    "properties": {
        "annotations": [],
        "runtimeState": "Stopped",
        "pipelines": [
            {
                "pipelineReference": {
                    "referenceName": "pl_execute_all_pipelines",
                    "type": "PipelineReference"
                }
            }
        ],
        "type": "ScheduleTrigger",
        "typeProperties": {
            "recurrence": {
                "frequency": "Hour",
                "interval": 12,
                "startTime": "2023-04-10T18:00:00",
                "endTime": "2023-04-10T19:00:00",
                "timeZone": "Central Asia Standard Time"
            }
        }
    }
}