{
    "name": "pl_create_gold_trip_data_green",
    "properties": {
        "activities": [
            {
                "name": "Get Trip Year and Month",
                "type": "Script",
                "dependsOn": [],
                "policy": {
                    "timeout": "0.12:00:00",
                    "retry": 0,
                    "retryIntervalInSeconds": 30,
                    "secureOutput": false,
                    "secureInput": false
                },
                "userProperties": [],
                "linkedServiceName": {
                    "referenceName": "ls_serverless_sql_pool_nyc_taxi_nyc_taxi_ldw",
                    "type": "LinkedServiceReference"
                },
                "typeProperties": {
                    "scripts": [
                        {
                            "type": "Query",
                            "text": "USE nyc_taxi_ldw;\n\nSELECT DISTINCT year, month\nFROM silver.vw_trip_data_green"
                        }
                    ],
                    "scriptBlockExecutionTimeout": "02:00:00"
                }
            },
            {
                "name": "ForEach Year and Month",
                "type": "ForEach",
                "dependsOn": [
                    {
                        "activity": "Get Trip Year and Month",
                        "dependencyConditions": [
                            "Succeeded"
                        ]
                    }
                ],
                "userProperties": [],
                "typeProperties": {
                    "items": {
                        "value": "@activity('Get trip year and month').output.resultSets[0].rows",
                        "type": "Expression"
                    },
                    "batchCount": 5,
                    "activities": [
                        {
                            "name": "Delete Partition",
                            "type": "Delete",
                            "dependsOn": [],
                            "policy": {
                                "timeout": "0.12:00:00",
                                "retry": 0,
                                "retryIntervalInSeconds": 30,
                                "secureOutput": false,
                                "secureInput": false
                            },
                            "userProperties": [],
                            "typeProperties": {
                                "dataset": {
                                    "referenceName": "ds_nyc_taxi_ds_dynamic",
                                    "type": "DatasetReference",
                                    "parameters": {
                                        "p_folder_path": {
                                            "value": "gold/trip_data_green/year=@{item().year}/month=@{item().month}",
                                            "type": "Expression"
                                        }
                                    }
                                },
                                "enableLogging": false,
                                "storeSettings": {
                                    "type": "AzureBlobFSReadSettings",
                                    "recursive": true,
                                    "enablePartitionDiscovery": false
                                }
                            }
                        },
                        {
                            "name": "Create Partition",
                            "type": "SqlServerStoredProcedure",
                            "dependsOn": [
                                {
                                    "activity": "Delete Partition",
                                    "dependencyConditions": [
                                        "Succeeded"
                                    ]
                                }
                            ],
                            "policy": {
                                "timeout": "0.12:00:00",
                                "retry": 0,
                                "retryIntervalInSeconds": 30,
                                "secureOutput": false,
                                "secureInput": false
                            },
                            "userProperties": [],
                            "typeProperties": {
                                "storedProcedureName": "[gold].[usp_gold_trip_data_green]",
                                "storedProcedureParameters": {
                                    "month": {
                                        "value": {
                                            "value": "@item().month",
                                            "type": "Expression"
                                        },
                                        "type": "String"
                                    },
                                    "year": {
                                        "value": {
                                            "value": "@item().year",
                                            "type": "Expression"
                                        },
                                        "type": "String"
                                    }
                                }
                            },
                            "linkedServiceName": {
                                "referenceName": "ls_serverless_sql_pool_nyc_taxi_nyc_taxi_ldw",
                                "type": "LinkedServiceReference"
                            }
                        }
                    ]
                }
            },
            {
                "name": "Create Gold View",
                "type": "Script",
                "dependsOn": [
                    {
                        "activity": "ForEach Year and Month",
                        "dependencyConditions": [
                            "Succeeded"
                        ]
                    }
                ],
                "policy": {
                    "timeout": "0.12:00:00",
                    "retry": 0,
                    "retryIntervalInSeconds": 30,
                    "secureOutput": false,
                    "secureInput": false
                },
                "userProperties": [],
                "linkedServiceName": {
                    "referenceName": "ls_serverless_sql_pool_nyc_taxi_nyc_taxi_ldw",
                    "type": "LinkedServiceReference"
                },
                "typeProperties": {
                    "scripts": [
                        {
                            "type": "NonQuery",
                            "text": "USE nyc_taxi_ldw;"
                        },
                        {
                            "type": "NonQuery",
                            "text": "DROP VIEW IF EXISTS gold.vw_trip_data_green;"
                        },
                        {
                            "type": "NonQuery",
                            "text": "CREATE VIEW gold.vw_trip_data_green\nAS\nSELECT *,\ngreen_trip_data.filepath(1) AS year,\ngreen_trip_data.filepath(2) as month\nFROM\nOPENROWSET(\n    BULK 'gold/trip_data_green/year=*/month=*/*.parquet',\n    DATA_SOURCE = 'nyc_taxi_src',\n    FORMAT = 'PARQUET'\n)\nWITH\n(\nborough VARCHAR(15),\ntrip_date DATE,\ntrip_day VARCHAR(10),\ntrip_day_weekend_ind CHAR(1),\ncard_trip_count INT,\ncash_trip_count INT,\nstreet_hail_trip_count INT,\ndispatch_hail_trip_count INT,\ntotal_distance FLOAT,\ntotal_trip_duration INT,\ntotal_fare_amount FLOAT\n)\nAS green_trip_data;"
                        }
                    ],
                    "scriptBlockExecutionTimeout": "02:00:00"
                }
            }
        ],
        "annotations": [],
        "lastPublishTime": "2023-04-09T15:57:55Z"
    },
    "type": "Microsoft.Synapse/workspaces/pipelines"
}