{
    "name": "pl_create_gold_trip_data_green_agg",
    "properties": {
        "activities": [
            {
                "name": "Create Gold Trip Data Green",
                "type": "SynapseNotebook",
                "dependsOn": [],
                "policy": {
                    "timeout": "0.12:00:00",
                    "retry": 0,
                    "retryIntervalInSeconds": 30,
                    "secureOutput": false,
                    "secureInput": false
                },
                "userProperties": [],
                "typeProperties": {
                    "notebook": {
                        "referenceName": "1_spark_create_gold_trip_data_green_agg",
                        "type": "NotebookReference"
                    },
                    "snapshot": true,
                    "sparkPool": {
                        "referenceName": "nyctaxispark",
                        "type": "BigDataPoolReference"
                    }
                }
            }
        ],
        "annotations": [],
        "lastPublishTime": "2023-04-09T17:50:27Z"
    },
    "type": "Microsoft.Synapse/workspaces/pipelines"
}