{
    "name": "ls_serverless_sql_pool_nyc_taxi_nyc_taxi_ldw",
    "type": "Microsoft.Synapse/workspaces/linkedservices",
    "properties": {
        "annotations": [],
        "type": "AzureSqlDW",
        "typeProperties": {
            "connectionString": "Integrated Security=False;Encrypt=True;Connection Timeout=30;Data Source=tcp:synapse-nyc-taxi-ondemand.sql.azuresynapse.net,1433;Initial Catalog=nyc_taxi_ldw"
        },
        "connectVia": {
            "referenceName": "AutoResolveIntegrationRuntime",
            "type": "IntegrationRuntimeReference"
        }
    }
}