{
    "now": "2023-04-14T13:15:34.880Z",
    "perfNow": 4828398.5,
    "diagnosticCorrelation": "7ec83920-4256-4867-9911-c5c5d2b8ea58",
    "source": "DownloadSupportFiles",
    "environment": {
        "productName": "a365",
        "buildVersion": "23.0409.01",
        "environmentType": 9,
        "resourceName": "synapse-nyc-taxi",
        "resourceRegion": "uksouth",
        "resourceGroup": "synapse-taxi",
        "subscriptionId": "b8698388-41d9-4ee0-9058-89b2ddf01b1f",
        "sessionId": "ZZqiF",
        "operationId": "vot9P",
        "gitType": "live",
        "loggingKey": false
    },
    "additionalInfo": {
        "selectedResource": "pl_create_gold_trip_data_green",
        "selectedResourceType": "pipeline"
    }
}